{
  "domain_id": "explainable_ai",
  "topic": "explainable artificial intelligence",
  "corpus_size": 480,
  "median_year": 2020.0,
  "pct_recent": 0.014583333333333334,
  "year_std": 1.4759119120808744,
  "citation_gini": 0.7637316023955958,
  "citation_median": 111.0,
  "pct_high_cited": 0.5229166666666667,
  "unique_author_ratio": 0.875,
  "mean_h_index": 18.344086021505376,
  "pct_high_hindex": 0.8895833333333333,
  "pct_q1": 0.25416666666666665,
  "topic_concept_overlap": 0.55625,
  "gold_ratio": 0.925,
  "grade2_ratio": 0.035416666666666666
}