{
  "domain_id": "knowledge_graph_embedding",
  "topic": "knowledge graph embedding",
  "corpus_size": 429,
  "median_year": 2018.0,
  "pct_recent": 0.006993006993006993,
  "year_std": 1.5062424103829133,
  "citation_gini": 0.7470859826403617,
  "citation_median": 111.0,
  "pct_high_cited": 0.5268065268065268,
  "unique_author_ratio": 0.7645687645687645,
  "mean_h_index": 20.335748792270532,
  "pct_high_hindex": 0.9090909090909091,
  "pct_q1": 0.1048951048951049,
  "topic_concept_overlap": 0.5687645687645687,
  "gold_ratio": 0.9393939393939394,
  "grade2_ratio": 0.07925407925407925
}