{
  "domain_id": "object_detection_deep_learning",
  "topic": "object detection deep learning",
  "corpus_size": 372,
  "median_year": 2018.0,
  "pct_recent": 0.013440860215053764,
  "year_std": 1.836324539295838,
  "citation_gini": 0.8450674471657347,
  "citation_median": 347.5,
  "pct_high_cited": 0.7956989247311828,
  "unique_author_ratio": 0.782258064516129,
  "mean_h_index": 28.360795454545453,
  "pct_high_hindex": 0.9274193548387096,
  "pct_q1": 0.25,
  "topic_concept_overlap": 0.5967741935483871,
  "gold_ratio": 0.8924731182795699,
  "grade2_ratio": 0.17473118279569894
}