{
  "topic": "large language model reasoning",
  "weights": {
    "venue": 0.145076,
    "authors": 0.048808,
    "impact": 0.268602,
    "velocity": 0.194785,
    "recency": 0.049158,
    "relevance": 0.293572
  }
}